wss_bytes,wss_kib,latency_ns,run
256,0.25,1.5687860713128219,0
320,0.3125,1.569141806275304,0
384,0.375,1.5686640841696298,0
448,0.4375,1.568179787906538,0
512,0.5,1.569463209526828,0
576,0.5625,1.568675041098659,0
640,0.625,1.5691943995346442,0
704,0.6875,1.57003881353183,0
768,0.75,1.567689647947964,0
832,0.8125,1.5741980637913238,0
896,0.875,1.5681213509517156,0
1024,1.0,1.5804252517895998,0
1088,1.0625,1.6206291462455673,0
1152,1.125,1.6234363114628547,0
1216,1.1875,1.6294260993321643,0
1344,1.3125,1.6847702783207148,0
1408,1.375,1.5659270432981294,0
1536,1.5,1.5658861374297537,0
1600,1.5625,1.5681206204897802,0
1728,1.6875,1.5658919811252359,0
1856,1.8125,1.5671848987506845,0
2048,2.0,1.565902938054265,0
2176,2.125,1.5659124340594237,0
2304,2.25,1.6220710781058132,0
2496,2.4375,1.5661060064722734,0
2688,2.625,1.5659168168310356,0
2880,2.8125,1.6007803040781587,0
3072,3.0,1.5691812512198091,0
3264,3.1875,1.5658773718865302,0
3520,3.4375,1.5659168168310356,0
3776,3.6875,1.569069490543711,0
4096,4.0,1.5688094460947508,0
4352,4.25,1.5678364707969557,0
4672,4.5625,1.6208789642274337,0
4992,4.875,1.6199490861838202,0
5376,5.25,1.5658846765058831,0
5760,5.625,1.619775236243223,0
6208,6.0625,1.5658912506633007,0
6592,6.4375,1.568218502389108,0
7104,6.9375,1.5717342156836187,0
7616,7.4375,1.6193245412291541,0
8192,8.0,1.6296057929682437,0
8768,8.5625,1.567995711498847,0
9408,9.1875,1.5659321565316764,0
10048,9.8125,1.5693470660791182,0
10752,10.5,1.5658883288155594,0
11584,11.3125,1.6195203050278097,0
12416,12.125,1.5714069687366123,0
13248,12.9375,1.5658788328104007,0
14208,13.875,1.5671929338319726,0
15232,14.875,1.651857854902729,0
16384,16.0,1.6925862210282285,0
17536,17.125,1.5659211996026472,0
18816,18.375,1.620179181693434,0
20160,19.6875,1.5699854898105543,0
21568,21.0625,1.5690987090211224,0
23168,22.625,1.5680892106265631,0
24832,24.25,1.569782421392546,0
26560,25.9375,1.5682345725516842,0
28480,27.8125,1.635052847619639,0
30528,29.8125,1.5691841730675504,0
32768,32.0,1.629492571368275,0
35072,34.25,1.565876641424595,0
37632,36.75,1.5689854874211537,0
40320,39.375,1.6937754130588671,0
43200,42.1875,1.565900016206524,0
46336,45.25,1.5699811070389427,0
49664,48.5,2.030363507293434,0
53184,51.9375,4.658602073533621,0
57024,55.6875,4.715859332330674,0
61120,59.6875,4.7048797589814555,0
65536,64.0,4.6811499725518955,0
70208,68.5625,4.692228888724312,0
75264,73.5,4.696876818018509,0
80640,78.75,4.689414418887672,0
86464,84.4375,4.7420398185531045,0
92672,90.5,4.6972551973009855,0
99328,97.0,4.700766527823885,0
106432,103.9375,4.709899493400711,0
114048,111.375,4.755337878084907,0
122240,119.375,4.755004056980483,0
131072,128.0,4.708101826577983,0
140416,137.125,4.695919182421355,0
150528,147.0,4.702015617733216,0
161344,157.5625,4.705816211182486,0
172928,168.875,4.704862958356944,0
185344,181.0,4.704744623523428,0
198656,194.0,4.702193119983489,0
212864,207.875,4.829414753403755,0
228160,222.8125,4.702581725733059,0
244544,238.8125,4.705317305680689,0
262144,256.0,4.7042931980474245,0
280896,274.3125,4.7113253550983805,0
301120,294.0625,4.704505032008656,0
322688,315.125,4.770440178596855,0
345856,337.75,4.702678146708516,0
370688,362.0,4.7018322717874605,0
397312,388.0,4.703989325882347,0
425792,415.8125,4.705665005561883,0
456384,445.6875,4.707038274000213,0
489152,477.6875,4.707517457029757,0
524288,512.0,4.7033319101405935,0
561856,548.6875,4.707108398346,0
602240,588.125,4.707321693231102,0
645440,630.3125,4.713849831546714,0
691776,675.5625,4.7112325864326,0
741440,724.0625,4.725595659466044,0
794624,776.0,4.707448063145906,0
851648,831.6875,4.708047772394772,0
912832,891.4375,4.707361868637543,0
978304,955.375,4.703995169577829,0
1048576,1024.0,4.70841957751983,0
1123776,1097.4375,4.744036171022229,0
1204480,1176.25,4.749987974870904,0
1290944,1260.6875,4.886206707948034,0
1383552,1351.125,8.66361310400688,0
1482880,1448.125,13.026360562664982,0
1589312,1552.0625,15.171408785183441,0
1703360,1663.4375,17.306770351978134,0
1825664,1782.875,19.896504078223817,0
1956672,1910.8125,17.462054141566114,0
2097152,2048.0,19.981396903418382,0
2247616,2194.9375,18.054192152473163,0
2408960,2352.5,18.44056049713524,0
2581888,2521.375,18.81504057380061,0
2767168,2702.3125,19.143148004966555,0
2965760,2896.25,20.10078433258275,0
3178688,3104.1875,20.93923702991452,0
3406784,3326.9375,19.942740857803276,0
3651328,3565.75,20.1284600743867,0
3913408,3821.6875,20.275349395414427,0
4194304,4096.0,20.53884746840471,0
4495296,4389.9375,20.805345548563196,0
4817984,4705.0625,20.785226435479736,0
5163776,5042.75,20.937990131390993,0
5534400,5404.6875,21.704361575411102,0
5931584,5792.5625,21.189236896802733,0
6357376,6208.375,21.324933349596137,0
6813632,6653.9375,21.441613686828354,0
7302656,7131.5,21.499340632649794,0
7826816,7643.375,21.764998681582707,0
8388608,8192.0,21.699212549229305,0
8990656,8779.9375,21.810393406883733,0
9635968,9410.125,22.425895653841895,0
10327552,10085.5,21.92389818492504,0
11068800,10809.375,24.025155196721215,0
11863232,11585.1875,22.147459113824354,0
12714752,12416.75,22.56852755958833,0
13627328,13307.9375,42.83963389065503,0
14605376,14263.0625,29.607179152117403,0
15653696,15286.8125,22.525113153955317,0
16777216,16384.0,101.28599438623274,0
17981312,17559.875,27.334069832899655,0
19271936,18820.25,101.20571866753814,0
20655168,20171.0625,112.47974450484199,0
22137664,21618.8125,50.981727529932684,0
23726528,23170.4375,101.36140439219156,0
25429504,24833.5,72.21202504847248,0
27254656,26615.875,120.43593578287614,0
29210816,28526.1875,81.55430282881031,0
31307392,30573.625,85.35454832323842,0
33554432,32768.0,88.14313792797421,0
35962688,35119.8125,94.97776458426443,0
38543872,37640.5,91.0050801794652,0
41310336,40342.125,95.82287416231581,0
44275328,43237.625,122.40114345813443,0
47453120,46340.9375,124.99510200994466,0
50859008,49667.0,122.61144154115402,0
54509312,53231.75,105.74068243862084,0
58421632,57052.375,122.46673599180001,0
62614784,61147.25,109.09915411381994,0
67108864,65536.0,111.59207160465463,0
71925440,70239.6875,112.22697213556147,0
77087808,75281.0625,113.33352490738353,0
82620672,80684.25,115.66127563000045,0
88550656,86475.25,115.63659240812986,0
94906240,92681.875,120.10725365641163,0
101718016,99334.0,126.29597781186942,0
109018624,106463.5,126.1462403284483,0
116843264,114104.75,120.79212892323623,0
125229568,122294.5,127.30350021558601,0
134217728,131072.0,120.21765457761721,0
143850944,140479.4375,127.5656567039244,0
154175680,150562.1875,128.20332961179884,0
165241344,161368.5,123.47706841020202,0
177101312,172950.5,122.60293009071498,0
189812480,185363.75,123.2906820992562,0
203436032,198668.0,122.31786923793388,0
218037312,212927.0625,124.73608091446253,0
233686592,228209.5625,124.31759945435515,0
250459136,244589.0,127.26155088233568,0
268435456,262144.0,128.7961334387599,0
287701952,280958.9375,126.86234521700749,0
308351360,301124.375,125.001670482589,0
330482752,322737.0625,124.95295195858444,0
354202688,345901.0625,125.46215934767056,0
379625024,370727.5625,125.36151657615069,0
406872064,397336.0,125.74666349714923,0
436074624,425854.125,128.15990063659086,0
467373248,456419.1875,128.5448083313056,0
500918272,489178.0,126.36902710986082,0
536870912,524288.0,129.13752715075896,0
256,0.25,1.5691834925760442,1
320,0.3125,1.5658745368718532,1
384,0.375,1.5696203039471492,1
448,0.4375,1.6199967805686109,1
512,0.5,1.5661915538201134,1
576,0.5625,1.565897180939586,1
640,0.625,1.5658460491737378,1
704,0.6875,1.5686780185479425,1
768,0.75,1.5691783793994591,1
832,0.8125,1.6201399495129865,1
896,0.875,1.5658518928041205,1
1024,1.0,1.5658840327712251,1
1088,1.0625,1.5681718140660432,1
1152,1.125,1.5687349939441737,1
1216,1.1875,1.5691856839374376,1
1344,1.3125,1.6192750922163504,1
1408,1.375,1.6187703486420466,1
1536,1.5,1.5680717418957397,1
1600,1.5625,1.5691126385576541,1
1728,1.6875,1.5689073810404626,1
1856,1.8125,1.5684493865092204,1
2048,2.0,1.5678957025304616,1
2176,2.125,1.6223298499988947,1
2304,2.25,1.567960712918469,1
2496,2.4375,1.6204284787631311,1
2688,2.625,1.568627617235892,1
2880,2.8125,1.56811556912361,1
3072,3.0,1.5658993723009798,1
3264,3.1875,1.5681177604850034,1
3520,3.4375,1.5679855483475953,1
3776,3.6875,1.5678613712019633,1
4096,4.0,1.568887658787921,1
4352,4.25,1.5679899310703824,1
4672,4.5625,1.618914978494018,1
4992,4.875,1.6014805072473015,1
5376,5.25,1.6201706285724955,1
5760,5.625,1.5678832848158986,1
6208,6.0625,1.568137482737545,1
6592,6.4375,1.5689972268575962,1
7104,6.9375,1.5659015636623732,1
7616,7.4375,1.5658803805022359,1
8192,8.0,1.5658818414098317,1
8768,8.5625,1.6193941561853975,1
9408,9.1875,1.5687123498764408,1
10048,9.8125,1.565871615056662,1
10752,10.5,1.568751063927726,1
11584,11.3125,1.5693668364793005,1
12416,12.125,1.6999003910599413,1
13248,12.9375,1.565875997779449,1
14208,13.875,1.5690103750259572,1
15232,14.875,1.5658964504857884,1
16384,16.0,1.5658621191572901,1
17536,17.125,1.5658781891408424,1
18816,18.375,1.619820010749535,1
20160,19.6875,1.6192115427359388,1
21568,21.0625,1.5658701541490663,1
23168,22.625,1.5658504318965247,1
24832,24.25,1.5695399540293873,1
26560,25.9375,1.569293791099517,1
28480,27.8125,1.5685487282257258,1
30528,29.8125,1.5658467796275355,1
32768,32.0,1.5694990486167086,1
35072,34.25,1.5671579441946486,1
37632,36.75,1.565857736434503,1
40320,39.375,1.569542145390781,1
43200,42.1875,1.5703193482316768,1
46336,45.25,1.5659278599990951,1
49664,48.5,2.0424971008665325,1
53184,51.9375,4.641220159708165,1
57024,55.6875,4.665975969370577,1
61120,59.6875,4.694723709038157,1
65536,64.0,4.697616306077582,1
70208,68.5625,4.702694420880127,1
75264,73.5,4.680322081960049,1
80640,78.75,4.69695889765953,1
86464,84.4375,4.697898991697343,1
92672,90.5,4.701370838598452,1
99328,97.0,4.697485554847769,1
106432,103.9375,4.697511851184491,1
114048,111.375,4.699899704649613,1
122240,119.375,4.714578904170897,1
131072,128.0,4.7033416029450095,1
140416,137.125,4.707229808510883,1
150528,147.0,4.702979297861283,1
161344,157.5625,4.71279002282,1
172928,168.875,4.702621375500344,1
185344,181.0,4.706820023930297,1
198656,194.0,4.703741161172425,1
212864,207.875,4.703476736897609,1
228160,222.8125,4.738278477641641,1
244544,238.8125,4.721961600705611,1
262144,256.0,4.706692194515677,1
280896,274.3125,4.704465771339876,1
301120,294.0625,4.711552634086468,1
322688,315.125,4.7042093820568365,1
345856,337.75,4.710056664708503,1
370688,362.0,4.719423273758136,1
397312,388.0,4.705276575055473,1
425792,415.8125,4.702564400104113,1
456384,445.6875,4.706188911848969,1
489152,477.6875,4.705711195065184,1
524288,512.0,4.707512494130645,1
561856,548.6875,4.703389812895666,1
602240,588.125,4.70917719833591,1
645440,630.3125,4.705093231152216,1
691776,675.5625,4.7045811830399344,1
741440,724.0625,4.71079296213672,1
794624,776.0,4.707164798122876,1
851648,831.6875,4.703622097203378,1
912832,891.4375,4.706836824367648,1
978304,955.375,4.7060888396786655,1
1048576,1024.0,4.713652688755243,1
1123776,1097.4375,4.717069021167715,1
1204480,1176.25,4.742635634545724,1
1290944,1260.6875,4.876480336191949,1
1383552,1351.125,8.781972091191339,1
1482880,1448.125,12.87011527924687,1
1589312,1552.0625,15.788627358511505,1
1703360,1663.4375,16.555695152962574,1
1825664,1782.875,17.365425831929976,1
1956672,1910.8125,17.643650570348594,1
2097152,2048.0,17.829215783604297,1
2247616,2194.9375,18.014439144482612,1
2408960,2352.5,18.416403486708212,1
2581888,2521.375,18.76801107456489,1
2767168,2702.3125,19.169382288306647,1
2965760,2896.25,19.26876637113243,1
3178688,3104.1875,19.65726771941014,1
3406784,3326.9375,19.949672026952324,1
3651328,3565.75,20.107242598406014,1
3913408,3821.6875,20.182466921868414,1
4194304,4096.0,20.504358918775385,1
4495296,4389.9375,20.666180731332474,1
4817984,4705.0625,20.924421714749933,1
5163776,5042.75,21.022591783363712,1
5534400,5404.6875,21.17658532256941,1
5931584,5792.5625,21.170407144347323,1
6357376,6208.375,21.40611143674019,1
6813632,6653.9375,21.63991947107388,1
7302656,7131.5,21.600340562492008,1
7826816,7643.375,21.635179556379732,1
8388608,8192.0,21.6461538942384,1
8990656,8779.9375,21.756554140262526,1
9635968,9410.125,21.866303787955307,1
10327552,10085.5,21.944886316988416,1
11068800,10809.375,22.343977851524286,1
11863232,11585.1875,22.244350041146987,1
12714752,12416.75,22.203639247156392,1
13627328,13307.9375,22.210569216763645,1
14605376,14263.0625,22.297071318554476,1
15653696,15286.8125,22.490006793291776,1
16777216,16384.0,22.929333315448886,1
17981312,17559.875,23.71424983066828,1
19271936,18820.25,25.331944096041877,1
20655168,20171.0625,34.3864029521532,1
22137664,21618.8125,53.33612436316735,1
23726528,23170.4375,61.22395333380012,1
25429504,24833.5,68.40356754237983,1
27254656,26615.875,75.20380330016512,1
29210816,28526.1875,82.11272353910917,1
31307392,30573.625,84.84713021503025,1
33554432,32768.0,89.84130329441342,1
35962688,35119.8125,89.73791731636287,1
38543872,37640.5,92.69686041605144,1
41310336,40342.125,99.57916728308884,1
44275328,43237.625,101.54375910151866,1
47453120,46340.9375,103.9092279254588,1
50859008,49667.0,104.27320364842899,1
54509312,53231.75,105.09773059559558,1
58421632,57052.375,107.55128580277673,1
62614784,61147.25,112.49940488868549,1
67108864,65536.0,111.18631784067496,1
71925440,70239.6875,113.53121213095822,1
77087808,75281.0625,115.1855123001673,1
82620672,80684.25,114.81433119842367,1
88550656,86475.25,117.82546719322858,1
94906240,92681.875,118.51700168226076,1
101718016,99334.0,117.5212772875785,1
109018624,106463.5,119.08495279329198,1
116843264,114104.75,120.79337913238697,1
125229568,122294.5,120.48883696539289,1
134217728,131072.0,121.457351225652,1
143850944,140479.4375,121.61887346084526,1
154175680,150562.1875,122.7458508157923,1
165241344,161368.5,122.6590564693991,1
177101312,172950.5,123.22528480514812,1
189812480,185363.75,123.31641402960457,1
203436032,198668.0,124.3850368915502,1
218037312,212927.0625,124.15630624156526,1
233686592,228209.5625,124.39242524910185,1
250459136,244589.0,124.65812151790018,1
268435456,262144.0,124.55145033668047,1
287701952,280958.9375,124.67055201540484,1
308351360,301124.375,125.34674167889246,1
330482752,322737.0625,125.46661846040304,1
354202688,345901.0625,125.19099349835764,1
379625024,370727.5625,125.21740415109905,1
406872064,397336.0,125.89794311911243,1
436074624,425854.125,125.80590749279959,1
467373248,456419.1875,125.32234525249858,1
500918272,489178.0,125.61611496080236,1
536870912,524288.0,125.67938641223718,1
256,0.25,1.5709781856676313,2
320,0.3125,1.567968707685786,2
384,0.375,1.5688985779457105,2
448,0.4375,1.6205198908042044,2
512,0.5,1.5658978654337155,2
576,0.5625,1.5658525771728236,2
640,0.625,1.5682345936045705,2
704,0.6875,1.5692659972235912,2
768,0.75,1.61854181644138,2
832,0.8125,1.565868647200882,2
896,0.875,1.5658496553495402,2
1024,1.0,1.5659102831826697,2
1088,1.0625,1.5680928851753282,2
1152,1.125,1.5691856470832992,2
1216,1.1875,1.568731303562739,2
1344,1.3125,1.5680680496774198,2
1408,1.375,1.5693668001268666,2
1536,1.5,1.567924149880715,2
1600,1.5625,1.5658664558334194,2
1728,1.6875,1.568107494291745,2
1856,1.8125,1.565881795405657,2
2048,2.0,1.568700624418264,2
2176,2.125,1.5691235583385281,2
2304,2.25,1.5686348833943886,2
2496,2.4375,1.568030796430557,2
2688,2.625,1.5687444517675142,2
2880,2.8125,1.5679117321317608,2
3072,3.0,1.6347440570033478,2
3264,3.1875,1.5693638783035833,2
3520,3.4375,1.5691739597901657,2
3776,3.6875,1.5679855081696652,2
4096,4.0,1.616446138691401,2
4352,4.25,1.6205681008883797,2
4672,4.5625,1.570377020527083,2
4992,4.875,1.5659102831826697,2
5376,5.25,1.6455730645472444,2
5760,5.625,1.5688861601967563,2
6208,6.0625,1.5686860153018471,2
6592,6.4375,1.6201312883075196,2
7104,6.9375,1.568656066613193,2
7616,7.4375,1.5687444517675142,2
8192,8.0,1.5659015177128197,2
8768,8.5625,1.5693529214662707,2
9408,9.1875,1.5658920217871488,2
10048,9.8125,1.6203818346540664,2
10752,10.5,1.603286977079037,2
11584,11.3125,1.6200648168278236,2
12416,12.125,1.565872299479986,2
13248,12.9375,1.565881795405657,2
14208,13.875,1.616455634617072,2
15232,14.875,1.568040292356228,2
16384,16.0,1.5693134768519454,2
17536,17.125,1.5745296618685367,2
18816,18.375,1.5683850675036626,2
20160,19.6875,1.5687977750424351,2
21568,21.0625,1.5658701081125237,2
23168,22.625,1.6188617560909062,2
24832,24.25,1.6502063458188083,2
26560,25.9375,1.6219640019619976,2
28480,27.8125,1.5692908327214996,2
30528,29.8125,1.568713772623039,2
32768,32.0,1.568731303562739,2
35072,34.25,1.5689058825039188,2
37632,36.75,1.5698437877778726,2
40320,39.375,1.5703784814387247,2
43200,42.1875,1.6213241226629451,2
46336,45.25,1.5708620431921183,2
49664,48.5,1.9907054048783177,2
53184,51.9375,4.661922444298977,2
57024,55.6875,4.648793231375267,2
61120,59.6875,4.667366531531669,2
65536,64.0,4.698058093755743,2
70208,68.5625,4.6993334696189235,2
75264,73.5,4.698145748454244,2
80640,78.75,4.693763013529226,2
86464,84.4375,4.7080711821477665,2
92672,90.5,4.69918153480819,2
99328,97.0,4.699085114639839,2
106432,103.9375,4.702332721219277,2
114048,111.375,4.70344447497859,2
122240,119.375,4.701181522845639,2
131072,128.0,4.702723515083425,2
140416,137.125,4.704185887636738,2
150528,147.0,4.705643146999306,2
161344,157.5625,4.705186612111284,2
172928,168.875,4.70330495791681,2
185344,181.0,4.700933898322376,2
198656,194.0,4.702046382537509,2
212864,207.875,4.704198305385693,2
228160,222.8125,4.705328320540526,2
244544,238.8125,4.703388229880385,2
262144,256.0,4.706001800807337,2
280896,274.3125,4.706776814433244,2
301120,294.0625,4.701408694605919,2
322688,315.125,4.704897351606233,2
345856,337.75,4.704383841164185,2
370688,362.0,4.705472950793052,2
397312,388.0,4.704402102559706,2
425792,415.8125,4.7039426458484,2
456384,445.6875,4.7030631770401135,2
489152,477.6875,4.703947028583325,2
524288,512.0,4.706521885351773,2
561856,548.6875,4.706159579264638,2
602240,588.125,4.715983479599064,2
645440,630.3125,4.707670892357948,2
691776,675.5625,4.7039221930854165,2
741440,724.0625,4.705459802588277,2
794624,776.0,4.751967194245096,2
851648,831.6875,4.705702313920795,2
912832,891.4375,4.703821390182141,2
978304,955.375,4.704881281578174,2
1048576,1024.0,4.705277188633068,2
1123776,1097.4375,4.73099653808471,2
1204480,1176.25,4.789641914116365,2
1290944,1260.6875,4.856576502802869,2
1383552,1351.125,8.920251247102076,2
1482880,1448.125,13.018071879202093,2
1589312,1552.0625,15.285545533683603,2
1703360,1663.4375,16.518804775145828,2
1825664,1782.875,17.10459601203288,2
1956672,1910.8125,18.10608454336706,2
2097152,2048.0,17.68402936145537,2
2247616,2194.9375,18.038269024960627,2
2408960,2352.5,18.460086808730548,2
2581888,2521.375,18.955100648483178,2
2767168,2702.3125,19.574356257890198,2
2965760,2896.25,19.567198521301822,2
3178688,3104.1875,19.628014812033005,2
3406784,3326.9375,19.9564292099926,2
3651328,3565.75,20.073961742932607,2
3913408,3821.6875,20.246523895591128,2
4194304,4096.0,20.555137097159495,2
4495296,4389.9375,20.72448597466216,2
4817984,4705.0625,20.83722452605002,2
5163776,5042.75,21.049448968868305,2
5534400,5404.6875,21.115803575633063,2
5931584,5792.5625,21.20300758289195,2
6357376,6208.375,21.323517453757685,2
6813632,6653.9375,21.434834538118196,2
7302656,7131.5,21.544621317534055,2
7826816,7643.375,21.767907783303084,2
8388608,8192.0,21.74757627598593,2
8990656,8779.9375,21.730150128666896,2
9635968,9410.125,21.891784430771562,2
10327552,10085.5,21.99079266361134,2
11068800,10809.375,21.99394342087158,2
11863232,11585.1875,22.147862032796496,2
12714752,12416.75,22.211458706645413,2
13627328,13307.9375,22.13184916516054,2
14605376,14263.0625,22.40478647406228,2
15653696,15286.8125,22.310688625599848,2
16777216,16384.0,22.72153794493981,2
17981312,17559.875,23.708112114472684,2
19271936,18820.25,28.829287761104464,2
20655168,20171.0625,44.687705966117726,2
22137664,21618.8125,49.05146782037924,2
23726528,23170.4375,67.17971488203412,2
25429504,24833.5,70.53536952763703,2
27254656,26615.875,75.32573389909233,2
29210816,28526.1875,81.50599790339821,2
31307392,30573.625,84.14276839365553,2
33554432,32768.0,88.80659829418329,2
35962688,35119.8125,89.78909106780053,2
38543872,37640.5,94.4892799463725,2
41310336,40342.125,94.22218781235688,2
44275328,43237.625,97.71759722626349,2
47453120,46340.9375,101.39104764712974,2
50859008,49667.0,102.11858346535445,2
54509312,53231.75,107.61682315448125,2
58421632,57052.375,109.91474837030101,2
62614784,61147.25,108.97624282853927,2
67108864,65536.0,111.64286710876229,2
71925440,70239.6875,113.46886540895844,2
77087808,75281.0625,111.13860241126669,2
82620672,80684.25,114.37267373565129,2
88550656,86475.25,115.64145120878773,2
94906240,92681.875,118.00257633013771,2
101718016,99334.0,118.80149266187013,2
109018624,106463.5,119.49484717065442,2
116843264,114104.75,120.93465786110939,2
125229568,122294.5,121.12213172150841,2
134217728,131072.0,120.40837357289466,2
143850944,140479.4375,121.3819603353985,2
154175680,150562.1875,122.70410655433082,2
165241344,161368.5,123.03906684082186,2
177101312,172950.5,123.57429957806973,2
189812480,185363.75,123.2611411151562,2
203436032,198668.0,123.08305123807351,2
218037312,212927.0625,123.87188554464582,2
233686592,228209.5625,124.48373360157375,2
250459136,244589.0,124.756004617302,2
268435456,262144.0,125.03088098632924,2
287701952,280958.9375,124.67658023845595,2
308351360,301124.375,125.12672884254398,2
330482752,322737.0625,124.92993190058269,2
354202688,345901.0625,125.07522705051917,2
379625024,370727.5625,125.12967358387871,2
406872064,397336.0,125.60465668149841,2
436074624,425854.125,125.02852974034893,2
467373248,456419.1875,125.30018972978307,2
500918272,489178.0,125.49612692524323,2
536870912,524288.0,125.39477398873476,2
256,0.25,1.6296543767803104,3
320,0.3125,1.5689668044223974,3
384,0.375,1.5686629355927966,3
448,0.4375,1.5692524119040654,3
512,0.5,1.6552450993193337,3
576,0.5625,1.5688367836251162,3
640,0.625,1.5682772559244573,3
704,0.6875,1.5658791757139299,3
768,0.75,1.5658842888913511,3
832,0.8125,1.62086336388549,3
896,0.875,1.6192914270554397,3
1024,1.0,1.5678630885533427,3
1088,1.0625,1.5681793750995376,3
1152,1.125,1.5658777148060954,3
1216,1.1875,1.6286514635518445,3
1344,1.3125,1.5679828829957814,3
1408,1.375,1.5658974370618626,3
1536,1.5,1.6193169929425455,3
1600,1.5625,1.5688389749868683,3
1728,1.6875,1.5680369365856623,3
1856,1.8125,1.5689836048624957,3
2048,2.0,1.6349720812983242,3
2176,2.125,1.5658711407208394,3
2304,2.25,1.565874792990426,3
2496,2.4375,1.5680084488828874,3
2688,2.625,1.5689719175998187,3
2880,2.8125,1.565893054338359,3
3072,3.0,1.5658879411609377,3
3264,3.1875,1.5659149679558781,3
3520,3.4375,1.5689441603509608,3
3776,3.6875,1.5704233295335126,3
4096,4.0,1.5658711407208394,3
4352,4.25,1.5659062025088704,3
4672,4.5625,1.5678886544404484,3
4992,4.875,1.568101946984303,3
5376,5.25,1.6193221061199667,3
5760,5.625,1.569730128765986,3
6208,6.0625,1.568059580657099,3
6592,6.4375,1.569331300927135,3
7104,6.9375,1.5658923238844416,3
7616,7.4375,1.5694664349018372,3
8192,8.0,1.5692619078049905,3
8768,8.5625,1.5681662269290262,3
9408,9.1875,1.6198816338206259,3
10048,9.8125,1.5681735314681993,3
10752,10.5,1.565907663416705,3
11584,11.3125,1.568156731028101,3
12416,12.125,1.6194755014426017,3
13248,12.9375,1.5658988979696973,3
14208,13.875,1.5688426272564548,3
15232,14.875,1.5687410941619488,3
16384,16.0,1.568012101152474,3
17536,17.125,1.6164441176857671,3
18816,18.375,1.568019405691647,3
20160,19.6875,1.5690522675307226,3
21568,21.0625,1.5684291903392575,3
23168,22.625,1.6815261008102145,3
24832,24.25,1.569218080569952,3
26560,25.9375,1.565893054338359,3
28480,27.8125,1.5658740625365088,3
30528,29.8125,1.6209327570076344,3
32768,32.0,1.6199283828713338,3
35072,34.25,1.5688893763071627,3
37632,36.75,1.6209291047380479,3
40320,39.375,1.6109284601561626,3
43200,42.1875,1.6376411599121732,3
46336,45.25,1.5659814392623532,3
49664,48.5,1.9706967366868893,3
53184,51.9375,4.63174985334655,3
57024,55.6875,4.666123553787303,3
61120,59.6875,4.669141789373627,3
65536,64.0,4.699056068649205,3
70208,68.5625,4.701953048885255,3
75264,73.5,4.692769051782921,3
80640,78.75,4.699286892087075,3
86464,84.4375,4.706340885566533,3
92672,90.5,4.70359949201487,3
99328,97.0,4.6986119526674806,3
106432,103.9375,4.70316779374974,3
114048,111.375,4.699170019460305,3
122240,119.375,4.695274508719294,3
131072,128.0,4.70059951777648,3
140416,137.125,4.703522063899635,3
150528,147.0,4.70818528170774,3
161344,157.5625,4.7221391428901045,3
172928,168.875,4.715669512544494,3
185344,181.0,4.703004172072263,3
198656,194.0,4.703624327448059,3
212864,207.875,4.705367190494759,3
228160,222.8125,4.70301585933494,3
244544,238.8125,4.704760913743392,3
262144,256.0,4.704909926342523,3
280896,274.3125,4.7033511376829855,3
301120,294.0625,4.713101236571233,3
322688,315.125,4.701220403606193,3
345856,337.75,4.705369381856512,3
370688,362.0,4.702715642774926,3
397312,388.0,4.707362790596849,3
425792,415.8125,4.706706842979106,3
456384,445.6875,4.702847124480042,3
489152,477.6875,4.7189470592714615,3
524288,512.0,4.706049434453527,3
561856,548.6875,4.706446801384543,3
602240,588.125,4.704290501420645,3
645440,630.3125,4.705218177895628,3
691776,675.5625,4.704619936137352,3
741440,724.0625,4.704164863346868,3
794624,776.0,4.706879960557508,3
851648,831.6875,4.703673998314436,3
912832,891.4375,4.7095556132566125,3
978304,955.375,4.70361044882363,3
1048576,1024.0,4.70653445585462,3
1123776,1097.4375,4.711927397126117,3
1204480,1176.25,4.9006460102943805,3
1290944,1260.6875,4.8630393208156155,3
1383552,1351.125,8.639261823953438,3
1482880,1448.125,12.773533845554558,3
1589312,1552.0625,15.360905345121287,3
1703360,1663.4375,16.488377036474777,3
1825664,1782.875,17.163399727815385,3
1956672,1910.8125,17.36130014672423,3
2097152,2048.0,17.735837471009038,3
2247616,2194.9375,18.015662679467656,3
2408960,2352.5,18.36796790832523,3
2581888,2521.375,18.70030910116882,3
2767168,2702.3125,19.063276035403444,3
2965760,2896.25,19.331369423496152,3
3178688,3104.1875,19.66729130144239,3
3406784,3326.9375,19.95341448357605,3
3651328,3565.75,20.223938822305563,3
3913408,3821.6875,20.37136706689007,3
4194304,4096.0,20.458969674739087,3
4495296,4389.9375,20.81838368111992,3
4817984,4705.0625,21.38357386054603,3
5163776,5042.75,21.05320124100959,3
5534400,5404.6875,21.05281117861775,3
5931584,5792.5625,21.234499903285823,3
6357376,6208.375,21.343864924693246,3
6813632,6653.9375,21.477724987763725,3
7302656,7131.5,21.559359056654408,3
7826816,7643.375,21.73304200638877,3
8388608,8192.0,21.748333328693732,3
8990656,8779.9375,21.76545724797367,3
9635968,9410.125,21.913819745989,3
10327552,10085.5,21.89625943521978,3
11068800,10809.375,21.95608363253553,3
11863232,11585.1875,22.071671090075608,3
12714752,12416.75,22.19476495107903,3
13627328,13307.9375,22.220993875974045,3
14605376,14263.0625,22.331695135842985,3
15653696,15286.8125,22.92821252440852,3
16777216,16384.0,22.66001943697305,3
17981312,17559.875,24.296985733064613,3
19271936,18820.25,26.122261831234873,3
20655168,20171.0625,37.09274844477601,3
22137664,21618.8125,61.39558636810237,3
23726528,23170.4375,60.82067149853916,3
25429504,24833.5,70.58127315894829,3
27254656,26615.875,75.93694442976187,3
29210816,28526.1875,79.48463548225547,3
31307392,30573.625,83.78088505159087,3
33554432,32768.0,88.19288912050419,3
35962688,35119.8125,88.22955566093555,3
38543872,37640.5,91.98089765267164,3
41310336,40342.125,97.3559409390359,3
44275328,43237.625,97.76216822191599,3
47453120,46340.9375,101.46451315886513,3
50859008,49667.0,102.81468842333506,3
54509312,53231.75,104.6636092470916,3
58421632,57052.375,107.40947165939436,3
62614784,61147.25,107.84619297371131,3
67108864,65536.0,110.11826594348561,3
71925440,70239.6875,113.02129497711783,3
77087808,75281.0625,113.21021793476946,3
82620672,80684.25,115.71468227557438,3
88550656,86475.25,116.3093690059421,3
94906240,92681.875,117.76182457567056,3
101718016,99334.0,118.2163176596643,3
109018624,106463.5,118.82444684216553,3
116843264,114104.75,120.82283243896218,3
125229568,122294.5,120.48271958166536,3
134217728,131072.0,119.8871114749877,3
143850944,140479.4375,121.59853742860862,3
154175680,150562.1875,121.89889651844346,3
165241344,161368.5,123.51902741966337,3
177101312,172950.5,123.25353161700737,3
189812480,185363.75,123.32197295769751,3
203436032,198668.0,123.11455773736854,3
218037312,212927.0625,123.9535893380694,3
233686592,228209.5625,124.62133314743076,3
250459136,244589.0,124.38266463448903,3
268435456,262144.0,124.47123481985827,3
287701952,280958.9375,124.24732795882471,3
308351360,301124.375,125.17573488772517,3
330482752,322737.0625,124.77418245576258,3
354202688,345901.0625,125.21284779035582,3
379625024,370727.5625,125.01075776169752,3
406872064,397336.0,124.68743164848789,3
436074624,425854.125,125.29219699939317,3
467373248,456419.1875,124.59759960397649,3
500918272,489178.0,125.54612652080229,3
536870912,524288.0,125.16850741144034,3
256,0.25,1.5658894758097128,4
320,0.3125,1.568174340034017,4
384,0.375,1.5671765380741705,4
448,0.4375,1.565911389469153,4
512,0.5,1.5692839016570086,4
576,0.5625,1.5658529530439789,4
640,0.625,1.570200623076926,4
704,0.6875,1.565897510818174,4
768,0.75,1.6194281980988363,4
832,0.8125,1.618466188449409,4
896,0.875,1.5687937661408615,4
1024,1.0,1.565917963566985,4
1088,1.0625,1.6164698540744014,4
1152,1.125,1.569406618149874,4
1216,1.1875,1.5693050848611343,4
1344,1.3125,1.6193127861591174,4
1408,1.375,1.5695424828384037,4
1536,1.5,1.5690077895480614,4
1600,1.5625,1.5686739714692548,4
1728,1.6875,1.5687506692772957,4
1856,1.8125,1.6200410501078488,4
2048,2.0,1.5691794465470101,4
2176,2.125,1.5678522092402452,4
2304,2.25,1.6211732558455954,4
2496,2.4375,1.5658646403290137,4
2688,2.625,1.5682817169652743,4
2880,2.8125,1.5688434371022595,4
3072,3.0,1.5658909367203422,4
3264,3.1875,1.5658712144268458,4
3520,3.4375,1.5686257614184862,4
3776,3.6875,1.5658880148990835,4
4096,4.0,1.5687170683328207,4
4352,4.25,1.567895306103811,4
4672,4.5625,1.6185385035255617,4
4992,4.875,1.5689179435443563,4
5376,5.25,1.568007796222271,4
5760,5.625,1.5688770380467345,4
6208,6.0625,1.5689807627014185,4
6592,6.4375,1.569310198048337,4
7104,6.9375,1.569420496800853,4
7616,7.4375,1.568102024957864,4
8192,8.0,1.5688193320768753,4
8768,8.5625,1.6201557315922528,4
9408,9.1875,1.5658631794183844,4
10048,9.8125,1.6193105947931734,4
10752,10.5,1.5681327040810804,4
11584,11.3125,1.568691502396807,4
12416,12.125,1.5683167788203787,4
13248,12.9375,1.5681984450594013,4
14208,13.875,1.568835402093798,4
15232,14.875,1.5658682926055871,4
16384,16.0,1.568869003038273,4
17536,17.125,1.5782904156869546,4
18816,18.375,1.5683007088034557,4
20160,19.6875,1.5694051572392447,4
21568,21.0625,1.5689807627014185,4
23168,22.625,1.5658858235331394,4
24832,24.25,1.5689274394634471,4
26560,25.9375,1.565875597158734,4
28480,27.8125,1.5738477864630998,4
30528,29.8125,1.6294456622842928,4
32768,32.0,1.568853663476665,4
35072,34.25,1.5712371391684503,4
37632,36.75,1.5659033544606915,4
40320,39.375,1.5659026240053768,4
43200,42.1875,1.570747734107618,4
46336,45.25,1.5707930223371278,4
49664,48.5,2.0382311004913256,4
53184,51.9375,4.656239923802016,4
57024,55.6875,4.682271159851099,4
61120,59.6875,4.692767802722982,4
65536,64.0,4.693490223029196,4
70208,68.5625,4.704673493896874,4
75264,73.5,4.698910201464086,4
80640,78.75,4.700429548518611,4
86464,84.4375,4.6964120442878965,4
92672,90.5,4.700718808823222,4
99328,97.0,4.706193571406713,4
106432,103.9375,4.701890459147961,4
114048,111.375,4.690295941938121,4
122240,119.375,4.6989255410256945,4
131072,128.0,4.703311194735004,4
140416,137.125,4.700382799378471,4
150528,147.0,4.7008992312859466,4
161344,157.5625,4.703577810924861,4
172928,168.875,4.703279785156473,4
185344,181.0,4.715123387628618,4
198656,194.0,4.707152659234882,4
212864,207.875,4.702766275070257,4
228160,222.8125,4.702583661241588,4
244544,238.8125,4.704219881146461,4
262144,256.0,4.711820268695657,4
280896,274.3125,4.712993379931025,4
301120,294.0625,4.7177807840634065,4
322688,315.125,4.70394157767157,4
345856,337.75,4.710059140931975,4
370688,362.0,4.707681508882707,4
397312,388.0,4.703296585628711,4
425792,415.8125,4.706468953060345,4
456384,445.6875,4.70460410064198,4
489152,477.6875,4.813476273928384,4
524288,512.0,4.706357923852515,4
561856,548.6875,4.704339675818067,4
602240,588.125,4.708418538295214,4
645440,630.3125,4.706227172351189,4
691776,675.5625,4.735682782915468,4
741440,724.0625,4.704765531266523,4
794624,776.0,4.707962734178857,4
851648,831.6875,4.712174539523274,4
912832,891.4375,4.775423204310376,4
978304,955.375,4.7082344635559155,4
1048576,1024.0,4.7044112604389055,4
1123776,1097.4375,4.714222005770309,4
1204480,1176.25,4.749919356998489,4
1290944,1260.6875,4.856240780326047,4
1383552,1351.125,8.876776400595901,4
1482880,1448.125,12.62932184456238,4
1589312,1552.0625,15.231796805151186,4
1703360,1663.4375,16.52776331989489,4
1825664,1782.875,17.10937886828598,4
1956672,1910.8125,17.416286242844624,4
2097152,2048.0,17.672852828481794,4
2247616,2194.9375,18.125326068604238,4
2408960,2352.5,18.343773843645078,4
2581888,2521.375,18.82541416448251,4
2767168,2702.3125,19.032104530778337,4
2965760,2896.25,19.403316808509103,4
3178688,3104.1875,19.671345698944155,4
3406784,3326.9375,19.852886488755715,4
3651328,3565.75,20.16980621431261,4
3913408,3821.6875,20.340343425263903,4
4194304,4096.0,20.47892979029598,4
4495296,4389.9375,20.70987784713686,4
4817984,4705.0625,20.78574439702966,4
5163776,5042.75,21.02759669080801,4
5534400,5404.6875,21.134282611337593,4
5931584,5792.5625,21.238761095906224,4
6357376,6208.375,21.39596092326686,4
6813632,6653.9375,21.412401281034256,4
7302656,7131.5,21.698132756020463,4
7826816,7643.375,21.587875639457437,4
8388608,8192.0,21.735705186041415,4
8990656,8779.9375,21.884008692881732,4
9635968,9410.125,21.974834851729458,4
10327552,10085.5,21.914304907960414,4
11068800,10809.375,22.038917345046208,4
11863232,11585.1875,22.045340720269298,4
12714752,12416.75,22.11869573223964,4
13627328,13307.9375,22.371624461282458,4
14605376,14263.0625,22.314005264038517,4
15653696,15286.8125,22.465644780996342,4
16777216,16384.0,23.755386373816563,4
17981312,17559.875,23.9586486663617,4
19271936,18820.25,27.63804342133331,4
20655168,20171.0625,35.41648993960712,4
22137664,21618.8125,55.84741448236789,4
23726528,23170.4375,60.90194072567071,4
25429504,24833.5,70.68706859140646,4
27254656,26615.875,72.80395823414833,4
29210816,28526.1875,79.40852836835634,4
31307392,30573.625,84.58849969855606,4
33554432,32768.0,86.86536399305281,4
35962688,35119.8125,89.7986692338896,4
38543872,37640.5,91.8019697724059,4
41310336,40342.125,97.7115461816349,4
44275328,43237.625,99.3721470041671,4
47453120,46340.9375,99.03287388902513,4
50859008,49667.0,100.94364175057311,4
54509312,53231.75,104.83678350564871,4
58421632,57052.375,108.93339381097091,4
62614784,61147.25,108.45303526176352,4
67108864,65536.0,112.68955467455643,4
71925440,70239.6875,113.62211820933857,4
77087808,75281.0625,113.19692546646712,4
82620672,80684.25,116.10484333001557,4
88550656,86475.25,116.76713511131894,4
94906240,92681.875,116.42024069538977,4
101718016,99334.0,118.08725002223123,4
109018624,106463.5,119.79614621340978,4
116843264,114104.75,120.54235580569814,4
125229568,122294.5,121.59603860149326,4
134217728,131072.0,122.46857441419836,4
143850944,140479.4375,121.34259407317792,4
154175680,150562.1875,121.83600741624272,4
165241344,161368.5,122.86704591466908,4
177101312,172950.5,122.60628770251557,4
189812480,185363.75,123.66553775479841,4
203436032,198668.0,124.14835931318657,4
218037312,212927.0625,124.22364496849039,4
233686592,228209.5625,124.98716872571632,4
250459136,244589.0,124.53370644909779,4
268435456,262144.0,124.60240759758129,4
287701952,280958.9375,124.35445883243975,4
308351360,301124.375,124.36524144856733,4
330482752,322737.0625,124.99572144438201,4
354202688,345901.0625,125.33775961076539,4
379625024,370727.5625,125.45233572699027,4
406872064,397336.0,125.00912511679248,4
436074624,425854.125,125.33706631736486,4
467373248,456419.1875,125.97225035409913,4
500918272,489178.0,125.66938641493488,4
536870912,524288.0,125.06045503351693,4
256,0.25,1.5680098689559918,5
320,0.3125,1.5658754766993865,5
384,0.375,1.5689404698235192,5
448,0.4375,1.570403573071288,5
512,0.5,1.6197991951001776,5
576,0.5625,1.5695336000467783,5
640,0.625,1.569176407092131,5
704,0.6875,1.5689163647775,5
768,0.75,1.5680704967990098,5
832,0.8125,1.5680661140633698,5
896,0.875,1.567918561963495,5
1024,1.0,1.6268049980204722,5
1088,1.0625,1.6759018635699123,5
1152,1.125,1.568719872129647,5
1216,1.1875,1.5679974512050123,5
1344,1.3125,1.6187612172094739,5
1408,1.375,1.5658762071553265,5
1536,1.5,1.5691983207703302,5
1600,1.5625,1.6164390977762952,5
1728,1.6875,1.6338524369293452,5
1856,1.8125,1.5688849551720812,5
2048,2.0,1.5688338232562828,5
2176,2.125,1.5686373306084298,5
2304,2.25,1.5692531049658283,5
2496,2.4375,1.5680967932128487,5
2688,2.625,1.565890816274126,5
2880,2.8125,1.568031782634191,5
3072,3.0,1.5679937989253123,5
3264,3.1875,1.6196779394141418,5
3520,3.4375,1.6184712262013041,5
3776,3.6875,1.6061805745552946,5
4096,4.0,1.6127327643368652,5
4352,4.25,1.618531854044322,5
4672,4.5625,1.5693984656978832,5
4992,4.875,1.6192104476125582,5
5376,5.25,1.568858658758242,5
5760,5.625,1.5658813203469064,5
6208,6.0625,1.5692764795559073,5
6592,6.4375,1.6314682287412687,5
7104,6.9375,1.6164244886574959,5
7616,7.4375,1.5689543484863788,5
8192,8.0,1.5658521021093075,5
8768,8.5625,1.5681355073776675,5
9408,9.1875,1.568231197105804,5
10048,9.8125,1.5687016107311476,5
10752,10.5,1.5704247562935472,5
11584,11.3125,1.578770945863695,5
12416,12.125,1.5658827812587863,5
13248,12.9375,1.5659616705003037,5
14208,13.875,1.6199124157708735,5
15232,14.875,1.5687227939534067,5
16384,16.0,1.5680252085307314,5
17536,17.125,1.5702143849828345,5
18816,18.375,1.5659076167607455,5
20160,19.6875,1.5658849726266062,5
21568,21.0625,1.5658725548756267,5
23168,22.625,1.5682830594775423,5
24832,24.25,1.5658966599216457,5
26560,25.9375,1.5683108168032613,5
28480,27.8125,1.6335975078062943,5
30528,29.8125,1.5699229330627849,5
32768,32.0,1.5694685894681206,5
35072,34.25,1.570004013672122,5
37632,36.75,1.5704072253509878,5
40320,39.375,1.5693422205905052,5
43200,42.1875,1.565947061381504,5
46336,45.25,1.570426217205427,5
49664,48.5,1.990980380998175,5
53184,51.9375,4.626061470291047,5
57024,55.6875,4.68250307031693,5
61120,59.6875,4.687955923908839,5
65536,64.0,4.691388336370778,5
70208,68.5625,4.7053962899316675,5
75264,73.5,4.6969770547675225,5
80640,78.75,4.7024649702445505,5
86464,84.4375,4.714266216410777,5
92672,90.5,4.7053181311460905,5
99328,97.0,4.708973332669722,5
106432,103.9375,4.698490559475149,5
114048,111.375,4.699864547098241,5
122240,119.375,4.699483249097574,5
131072,128.0,4.701079295326418,5
140416,137.125,4.739077613323888,5
150528,147.0,4.705570868901321,5
161344,157.5625,4.710110652568263,5
172928,168.875,4.706215861496319,5
185344,181.0,4.706330543078895,5
198656,194.0,4.722655502881383,5
212864,207.875,4.710996695623451,5
228160,222.8125,4.700318890692905,5
244544,238.8125,4.712261114855547,5
262144,256.0,4.705219519594194,5
280896,274.3125,4.704554074232877,5
301120,294.0625,4.703584759200531,5
322688,315.125,4.7064780951787695,5
345856,337.75,4.7164758456291995,5
370688,362.0,4.716337789456544,5
397312,388.0,4.70304641317277,5
425792,415.8125,4.714797988335079,5
456384,445.6875,4.706784886673559,5
489152,477.6875,4.703223913966184,5
524288,512.0,4.714434221276971,5
561856,548.6875,4.704150862554012,5
602240,588.125,4.703654882970769,5
645440,630.3125,4.703554810506992,5
691776,675.5625,4.7067921912329584,5
741440,724.0625,4.704544578305657,5
794624,776.0,4.706347343565514,5
851648,831.6875,4.707388973735918,5
912832,891.4375,4.705063932478979,5
978304,955.375,4.706332734446715,5
1048576,1024.0,4.707443757931416,5
1123776,1097.4375,4.7173932982898075,5
1204480,1176.25,4.75072254191896,5
1290944,1260.6875,4.942883586048028,5
1383552,1351.125,8.62703015675741,5
1482880,1448.125,12.741126015559491,5
1589312,1552.0625,27.39870326210563,5
1703360,1663.4375,17.884928082000943,5
1825664,1782.875,17.139316642183942,5
1956672,1910.8125,17.416748921377803,5
2097152,2048.0,17.736972039991304,5
2247616,2194.9375,18.003773263434777,5
2408960,2352.5,18.369440967897848,5
2581888,2521.375,18.750356940107885,5
2767168,2702.3125,19.125643288388538,5
2965760,2896.25,19.35884134722537,5
3178688,3104.1875,19.656581762462398,5
3406784,3326.9375,19.889962435284225,5
3651328,3565.75,20.137223231877442,5
3913408,3821.6875,20.35420589930278,5
4194304,4096.0,20.522736693773677,5
4495296,4389.9375,20.893120952241162,5
4817984,4705.0625,20.827808695280233,5
5163776,5042.75,20.977826083952475,5
5534400,5404.6875,22.75367039014157,5
5931584,5792.5625,22.82666704359103,5
6357376,6208.375,21.387438017764406,5
6813632,6653.9375,21.57377002349248,5
7302656,7131.5,21.498070683065112,5
7826816,7643.375,21.85346671610026,5
8388608,8192.0,21.78411503779127,5
8990656,8779.9375,21.887801805373986,5
9635968,9410.125,21.870658964149214,5
10327552,10085.5,21.8951168209363,5
11068800,10809.375,22.17595595586145,5
11863232,11585.1875,52.883274574407935,5
12714752,12416.75,22.231661574538208,5
13627328,13307.9375,22.283413569980198,5
14605376,14263.0625,25.59876895835434,5
15653696,15286.8125,22.537857986864847,5
16777216,16384.0,22.831372275528373,5
17981312,17559.875,23.47221287001861,5
19271936,18820.25,26.172003649787314,5
20655168,20171.0625,37.132361473027935,5
22137664,21618.8125,48.92464985836671,5
23726528,23170.4375,62.43115727887085,5
25429504,24833.5,69.37469454441852,5
27254656,26615.875,106.66692797732713,5
29210816,28526.1875,98.54595056998494,5
31307392,30573.625,86.06775728506136,5
33554432,32768.0,90.47848362111061,5
35962688,35119.8125,88.99614337602684,5
38543872,37640.5,92.08543083125664,5
41310336,40342.125,97.32697567706117,5
44275328,43237.625,96.9882864482064,5
47453120,46340.9375,100.81921721590504,5
50859008,49667.0,102.49911437780139,5
54509312,53231.75,141.57199746543802,5
58421632,57052.375,116.08686029110272,5
62614784,61147.25,107.35364699994147,5
67108864,65536.0,115.88733341311945,5
71925440,70239.6875,118.92242486681427,5
77087808,75281.0625,114.53726237841423,5
82620672,80684.25,116.54184914482029,5
88550656,86475.25,115.66946479394592,5
94906240,92681.875,118.45567466062371,5
101718016,99334.0,118.76738513701974,5
109018624,106463.5,117.10888099910716,5
116843264,114104.75,119.71674338262974,5
125229568,122294.5,120.77835252736847,5
134217728,131072.0,121.01011688380912,5
143850944,140479.4375,123.43207384787257,5
154175680,150562.1875,122.97434121156799,5
165241344,161368.5,122.2606904148696,5
177101312,172950.5,123.61088170088395,5
189812480,185363.75,123.27750535346632,5
203436032,198668.0,124.78007623135579,5
218037312,212927.0625,116.89865103161891,5
233686592,228209.5625,109.23792277645515,5
250459136,244589.0,124.83441868362418,5
268435456,262144.0,114.3788286764016,5
287701952,280958.9375,121.58769652186922,5
308351360,301124.375,125.4296747162827,5
330482752,322737.0625,125.46148990736228,5
354202688,345901.0625,124.97563161293093,5
379625024,370727.5625,124.95270451842198,5
406872064,397336.0,125.76504986507308,5
436074624,425854.125,125.75800032610339,5
467373248,456419.1875,110.7657752822691,5
500918272,489178.0,125.83117429773228,5
536870912,524288.0,125.79129003380478,5
256,0.25,1.5688059618319419,6
320,0.3125,1.5681054582197855,6
384,0.375,1.5784749569457204,6
448,0.4375,1.5658717355441085,6
512,0.5,1.5686094702035058,6
576,0.5625,1.5690492023979983,6
640,0.625,1.5658739269005595,6
704,0.6875,1.568754099729269,6
768,0.75,1.5687475256599162,6
832,0.8125,1.5680024644665904,6
896,0.875,1.56946482967153,6
1024,1.0,1.5679725159284272,6
1088,1.0625,1.5658746573527098,6
1152,1.125,1.569472134193033,6
1216,1.1875,1.6391090594915878,6
1344,1.3125,1.568052135212812,6
1408,1.375,1.5694136980210076,6
1536,1.5,1.5658812314220627,6
1600,1.5625,1.5691207867087296,6
1728,1.6875,1.5658951100129188,6
1856,1.8125,1.5658892663957162,6
2048,2.0,1.5658666223790563,6
2176,2.125,1.637968823684939,6
2304,2.25,1.5687336470690603,6
2496,2.4375,1.5679586373375711,6
2688,2.625,1.5691704574549512,6
2880,2.8125,1.618569475476755,6
3072,3.0,1.5658753878048601,6
3264,3.1875,1.574040381941131,6
3520,3.4375,1.565886344587115,6
3776,3.6875,1.5684370834960304,6
4096,4.0,1.56868762858359,6
4352,4.25,1.5689725049222147,6
4672,4.5625,1.5728037264506403,6
4992,4.875,1.5691616920291473,6
5376,5.25,1.568728533904008,6
5760,5.625,1.565904605890873,6
6208,6.0625,1.616419754798365,6
6592,6.4375,1.6233320234968378,6
7104,6.9375,1.6194204522318771,6
7616,7.4375,1.5686679063755313,6
8192,8.0,1.5681142236455892,6
8768,8.5625,1.5691945623759118,6
9408,9.1875,1.6008070705374369,6
10048,9.8125,1.5679506023639178,6
10752,10.5,1.6200194229951392,6
11584,11.3125,1.565879770517762,6
12416,12.125,1.5693749840570406,6
13248,12.9375,1.5659031449865723,6
14208,13.875,1.6196417792334241,6
15232,14.875,1.5681375981143995,6
16384,16.0,1.5681237195235433,6
17536,17.125,1.5689688526614631,6
18816,18.375,1.5693267742151196,6
20160,19.6875,1.5681470939923536,6
21568,21.0625,1.6244678765905847,6
23168,22.625,1.5658768487091608,6
24832,24.25,1.5690776900318606,6
26560,25.9375,1.5689761571829661,6
28480,27.8125,1.5658527437882002,6
30528,29.8125,1.5697606627924092,6
32768,32.0,1.6194986106119613,6
35072,34.25,1.5702120822213068,6
37632,36.75,1.57019674272615,6
40320,39.375,1.5658490915274486,6
43200,42.1875,1.5704429051008078,6
46336,45.25,1.62095878446045,6
49664,48.5,1.974515156066672,6
53184,51.9375,4.641536934148001,6
57024,55.6875,4.659519205184565,6
61120,59.6875,4.693446516210453,6
65536,64.0,4.6942697357838625,6
70208,68.5625,4.686382313464713,6
75264,73.5,4.705546456080494,6
80640,78.75,4.7018196892095645,6
86464,84.4375,4.695044745515352,6
92672,90.5,4.711531050548062,6
99328,97.0,4.7046070946151834,6
106432,103.9375,4.706395241479165,6
114048,111.375,4.70503221776667,6
122240,119.375,4.705202413117694,6
131072,128.0,4.702653135113079,6
140416,137.125,4.705143246493518,6
150528,147.0,4.7067977206139915,6
161344,157.5625,4.73089460660088,6
172928,168.875,4.701851098652028,6
185344,181.0,4.715786664775822,6
198656,194.0,4.707692524498133,6
212864,207.875,4.702802147351744,6
228160,222.8125,4.703171756139806,6
244544,238.8125,4.70414179659543,6
262144,256.0,4.707082596952616,6
280896,274.3125,4.703479276495091,6
301120,294.0625,4.705868585478785,6
322688,315.125,4.706168801312566,6
345856,337.75,4.707944530489993,6
370688,362.0,4.703013978475337,6
397312,388.0,4.704977433855396,6
425792,415.8125,4.7067977206139915,6
456384,445.6875,4.707161485784851,6
489152,477.6875,4.705527464324586,6
524288,512.0,4.706912401601592,6
561856,548.6875,4.705881003165341,6
602240,588.125,4.703452249765529,6
645440,630.3125,4.703036622491997,6
691776,675.5625,4.706220663415239,6
741440,724.0625,4.704217763619063,6
794624,776.0,4.8618478767537,6
851648,831.6875,4.704422290221153,6
912832,891.4375,4.708300260687198,6
978304,955.375,4.703645819585363,6
1048576,1024.0,4.710825433770853,6
1123776,1097.4375,4.715217642550724,6
1204480,1176.25,4.7823724914424925,6
1290944,1260.6875,4.854379003516684,6
1383552,1351.125,8.771747867194431,6
1482880,1448.125,12.814782257908837,6
1589312,1552.0625,15.346706910788583,6
1703360,1663.4375,16.743287595070356,6
1825664,1782.875,17.17319959085377,6
1956672,1910.8125,17.44418857319648,6
2097152,2048.0,17.700587504288713,6
2247616,2194.9375,18.164584588762487,6
2408960,2352.5,18.33544538169586,6
2581888,2521.375,22.750279186470713,6
2767168,2702.3125,19.034971648875086,6
2965760,2896.25,19.34859054916259,6
3178688,3104.1875,19.62661597706933,6
3406784,3326.9375,19.928131285226044,6
3651328,3565.75,20.298540648844437,6
3913408,3821.6875,20.32591580408196,6
4194304,4096.0,20.496620280255165,6
4495296,4389.9375,20.62093447081373,6
4817984,4705.0625,20.793971280702905,6
5163776,5042.75,20.95977734475607,6
5534400,5404.6875,21.022285787519657,6
5931584,5792.5625,22.10441850832331,6
6357376,6208.375,21.53873956271647,6
6813632,6653.9375,21.618605739928096,6
7302656,7131.5,21.658953725355293,6
7826816,7643.375,21.665980675041364,6
8388608,8192.0,21.767872175941577,6
8990656,8779.9375,21.764389104550233,6
9635968,9410.125,22.014807484216895,6
10327552,10085.5,22.735881038590858,6
11068800,10809.375,21.971742808035966,6
11863232,11585.1875,22.2940986550456,6
12714752,12416.75,22.364716275234688,6
13627328,13307.9375,23.91994101826966,6
14605376,14263.0625,22.425294070756863,6
15653696,15286.8125,22.89082702994629,6
16777216,16384.0,23.50299661401013,6
17981312,17559.875,23.988778939729524,6
19271936,18820.25,27.611400138292183,6
20655168,20171.0625,39.534483284729916,6
22137664,21618.8125,48.37501642016196,6
23726528,23170.4375,61.53611720578568,6
25429504,24833.5,69.79958402174657,6
27254656,26615.875,78.259167361406,6
29210816,28526.1875,81.80758290406567,6
31307392,30573.625,85.38189979629979,6
33554432,32768.0,89.22856941802307,6
35962688,35119.8125,91.15576927756713,6
38543872,37640.5,92.69554265598691,6
41310336,40342.125,96.24066176507296,6
44275328,43237.625,99.17137920112087,6
47453120,46340.9375,100.93693493421628,6
50859008,49667.0,103.39460729707163,6
54509312,53231.75,109.3993543103458,6
58421632,57052.375,110.55703567821986,6
62614784,61147.25,108.63862334371753,6
67108864,65536.0,111.88827920323004,6
71925440,70239.6875,112.44842013455272,6
77087808,75281.0625,115.25350859974623,6
82620672,80684.25,114.82764696113634,6
88550656,86475.25,115.79591707466776,6
94906240,92681.875,116.19251570445762,6
101718016,99334.0,119.91124504515142,6
109018624,106463.5,121.16318899045496,6
116843264,114104.75,119.82623758047977,6
125229568,122294.5,120.66537434539089,6
134217728,131072.0,121.5581945954115,6
143850944,140479.4375,122.3270663374813,6
154175680,150562.1875,121.80401612283451,6
165241344,161368.5,123.89899863451662,6
177101312,172950.5,122.55585892523044,6
189812480,185363.75,123.61784577572828,6
203436032,198668.0,123.71199083157435,6
218037312,212927.0625,124.12235811917166,6
233686592,228209.5625,124.4762687600708,6
250459136,244589.0,124.37756659587193,6
268435456,262144.0,124.6414122127171,6
287701952,280958.9375,124.76601392750334,6
308351360,301124.375,125.45962198005415,6
330482752,322737.0625,128.37280859806916,6
354202688,345901.0625,125.041779336457,6
379625024,370727.5625,125.50553034986262,6
406872064,397336.0,125.12045752455265,6
436074624,425854.125,126.0043795890911,6
467373248,456419.1875,125.0980470699678,6
500918272,489178.0,124.91301203567052,6
536870912,524288.0,125.84412779188246,6
256,0.25,1.923822517728224,7
320,0.3125,1.5659286854476604,7
384,0.375,1.5693830081124795,7
448,0.4375,1.568102520137976,7
512,0.5,1.5679476636344991,7
576,0.5625,1.5672135561533946,7
640,0.625,1.5680506578184152,7
704,0.6875,1.5709505649825795,7
768,0.75,1.568030935527878,7
832,0.8125,1.6337054325613363,7
896,0.875,1.5658921626874065,7
1024,1.0,1.5678943404045285,7
1088,1.0625,1.5680674582881322,7
1152,1.125,1.6164323583268305,7
1216,1.1875,1.5658804754041253,7
1344,1.3125,1.5659126154331486,7
1408,1.375,1.568637213348094,7
1536,1.5,1.5693464853522257,7
1600,1.5625,1.5658826667697405,7
1728,1.6875,1.5681945574938159,7
1856,1.8125,1.5658760926728947,7
2048,2.0,1.5689666486455844,7
2176,2.125,1.567891418583708,7
2304,2.25,2.0988162102986174,7
2496,2.4375,1.569090826030448,7
2688,2.625,1.565887049500971,7
2880,2.8125,1.620387773262334,7
3072,3.0,1.6186646294335523,7
3264,3.1875,1.5680864501234641,7
3520,3.4375,1.568222314791609,7
3776,3.6875,1.6185996189203002,7
4096,4.0,1.5758599544159162,7
4352,4.25,1.6197683472484268,7
4672,4.5625,1.5885121690230914,7
4992,4.875,1.568093754675515,7
5376,5.25,1.6187880763632108,7
5760,5.625,1.5681901747625855,7
6208,6.0625,1.568702223861346,7
6592,6.4375,1.680095912180706,7
7104,6.9375,1.56818652248656,7
7616,7.4375,1.5692150034153114,7
8192,8.0,1.5835874400304482,7
8768,8.5625,1.5658724403968693,7
9408,9.1875,1.5688746112897445,7
10048,9.8125,1.5658709794864591,7
10752,10.5,1.5689754141080454,7
11584,11.3125,1.5681974793146363,7
12416,12.125,1.5692953534878702,7
13248,12.9375,1.62026067405665,7
14208,13.875,1.6164608460798287,7
15232,14.875,1.6516950833520248,7
16384,16.0,1.5689228213332798,7
17536,17.125,1.5659111545227387,7
18816,18.375,1.5680170568789817,7
20160,19.6875,1.597363094743035,7
21568,21.0625,1.6183008627414228,7
23168,22.625,1.5681989402250465,7
24832,24.25,1.5671952947732677,7
26560,25.9375,1.5681616870095874,7
28480,27.8125,1.5682931689465016,7
30528,29.8125,1.5658644053896136,7
32768,32.0,1.5658607531135882,7
35072,34.25,1.5739366658609428,7
37632,36.75,1.5702274143295512,7
40320,39.375,1.5705064482178912,7
43200,42.1875,1.5704881868377643,7
46336,45.25,1.6762880491966285,7
49664,48.5,1.974380974747775,7
53184,51.9375,4.651824353928993,7
57024,55.6875,4.6724217298018145,7
61120,59.6875,4.686925648353865,7
65536,64.0,4.717642750637852,7
70208,68.5625,4.69213379396608,7
75264,73.5,4.699342656385005,7
80640,78.75,4.7049306387038605,7
86464,84.4375,4.6987714404146335,7
92672,90.5,4.707666923902087,7
99328,97.0,4.698773631780249,7
106432,103.9375,4.70650111739478,7
114048,111.375,4.703895583678263,7
122240,119.375,4.705630414790326,7
131072,128.0,4.704081849755559,7
140416,137.125,4.710160697972227,7
150528,147.0,4.706401775486889,7
161344,157.5625,4.7021045075154095,7
172928,168.875,4.701571275215701,7
185344,181.0,4.700951118746589,7
198656,194.0,4.703448545092755,7
212864,207.875,4.705802802218725,7
228160,222.8125,4.704803539498177,7
244544,238.8125,4.704895576854017,7
262144,256.0,4.704540575624348,7
280896,274.3125,4.705241812621224,7
301120,294.0625,4.704978848747396,7
322688,315.125,4.70368667348961,7
345856,337.75,4.707135152512789,7
370688,362.0,4.7036318893492295,7
397312,388.0,4.703506251053956,7
425792,415.8125,4.708106657935544,7
456384,445.6875,4.704439042350842,7
489152,477.6875,4.712280478977366,7
524288,512.0,4.707901400022917,7
561856,548.6875,4.703366003654581,7
602240,588.125,4.707385698648131,7
645440,630.3125,4.8984822762144935,7
691776,675.5625,4.708308994027351,7
741440,724.0625,4.704156356186476,7
794624,776.0,4.703105231146368,7
851648,831.6875,4.714765487585045,7
912832,891.4375,4.707021931956001,7
978304,955.375,4.70779110128695,7
1048576,1024.0,4.704013917421486,7
1123776,1097.4375,4.71619571887659,7
1204480,1176.25,4.887151455073306,7
1290944,1260.6875,4.878521857280502,7
1383552,1351.125,8.774039465967425,7
1482880,1448.125,12.748579910105422,7
1589312,1552.0625,15.258405002921931,7
1703360,1663.4375,16.44027129836707,7
1825664,1782.875,17.088692731639775,7
1956672,1910.8125,17.485866062118262,7
2097152,2048.0,17.735652524047115,7
2247616,2194.9375,18.6046122623821,7
2408960,2352.5,18.41771361087933,7
2581888,2521.375,18.690301962489933,7
2767168,2702.3125,19.008047785333734,7
2965760,2896.25,19.340940327310054,7
3178688,3104.1875,19.60506854673543,7
3406784,3326.9375,20.177180055188728,7
3651328,3565.75,20.28602153302154,7
3913408,3821.6875,20.30534718638232,7
4194304,4096.0,20.452533910205762,7
4495296,4389.9375,20.714781937933264,7
4817984,4705.0625,21.655213065809217,7
5163776,5042.75,20.89719413356644,7
5534400,5404.6875,21.492202490878146,7
5931584,5792.5625,21.398209706454182,7
6357376,6208.375,21.29209501790193,7
6813632,6653.9375,21.68286225623187,7
7302656,7131.5,21.620764067882483,7
7826816,7643.375,21.774359075220083,7
8388608,8192.0,21.71340551017705,7
8990656,8779.9375,21.83510755532526,7
9635968,9410.125,21.952370330328623,7
10327552,10085.5,21.913676858176615,7
11068800,10809.375,22.00376703725582,7
11863232,11585.1875,22.111059956446432,7
12714752,12416.75,22.091637866563353,7
13627328,13307.9375,22.448515429199396,7
14605376,14263.0625,22.411772184817824,7
15653696,15286.8125,22.430247683634295,7
16777216,16384.0,23.08975806056772,7
17981312,17559.875,25.23772613436428,7
19271936,18820.25,27.562553930400874,7
20655168,20171.0625,43.35873760781606,7
22137664,21618.8125,53.14756787176983,7
23726528,23170.4375,65.38761236111316,7
25429504,24833.5,70.5574487827527,7
27254656,26615.875,79.44344556317145,7
29210816,28526.1875,78.95143181031982,7
31307392,30573.625,83.0729609353502,7
33554432,32768.0,88.06004970981033,7
35962688,35119.8125,89.06022849505092,7
38543872,37640.5,92.6984537160504,7
41310336,40342.125,96.61673048356997,7
44275328,43237.625,99.89016578370983,7
47453120,46340.9375,102.3738896854977,7
50859008,49667.0,105.31111802487452,7
54509312,53231.75,105.38987587820553,7
58421632,57052.375,107.20123631367915,7
62614784,61147.25,110.42203787543313,7
67108864,65536.0,110.80627952669506,7
71925440,70239.6875,112.19851746904439,7
77087808,75281.0625,114.1325909212,7
82620672,80684.25,114.06883414300057,7
88550656,86475.25,116.58200472065634,7
94906240,92681.875,117.68836084842474,7
101718016,99334.0,119.10863165279318,7
109018624,106463.5,119.5103958942356,7
116843264,114104.75,120.31107742795862,7
125229568,122294.5,120.86238201120213,7
134217728,131072.0,121.17030732034814,7
143850944,140479.4375,122.4591291495935,7
154175680,150562.1875,122.97467393304476,7
165241344,161368.5,122.92603757759046,7
177101312,172950.5,122.85490484534395,7
189812480,185363.75,124.19554114933398,7
203436032,198668.0,123.96465412015374,7
218037312,212927.0625,124.0427966657758,7
233686592,228209.5625,124.19850351041818,7
250459136,244589.0,124.41087030440814,7
268435456,262144.0,125.2703054547103,7
287701952,280958.9375,124.79067450579265,7
308351360,301124.375,124.99622067430519,7
330482752,322737.0625,124.74592974175033,7
354202688,345901.0625,125.49325353149413,7
379625024,370727.5625,125.58828237531961,7
406872064,397336.0,124.8941713341968,7
436074624,425854.125,125.46635954044663,7
467373248,456419.1875,125.60076832006072,7
500918272,489178.0,125.21171892975933,7
536870912,524288.0,125.49835238274629,7
256,0.25,1.5691857430823712,8
320,0.3125,1.5659023256256746,8
384,0.375,1.5687701113731698,8
448,0.4375,1.5693895414072696,8
512,0.5,1.5682040049151187,8
576,0.5625,1.5659096302251332,8
640,0.625,1.5658782204474606,8
704,0.6875,1.6185546089841079,8
768,0.75,1.5658942905662698,8
832,0.8125,1.6195231988723349,8
896,0.875,1.5659191262044296,8
1024,1.0,1.6349103376321383,8
1088,1.0625,1.5678219743634274,8
1152,1.125,1.6401440831443146,8
1216,1.1875,1.5681740560573378,8
1344,1.3125,1.6516612451108859,8
1408,1.375,1.6196349592440533,8
1536,1.5,1.699589643999362,8
1600,1.5625,1.5687847205720873,8
1728,1.6875,1.568815399889814,8
1856,1.8125,1.6280155262030482,8
2048,2.0,1.6198446012485188,8
2176,2.125,1.5686284021436705,8
2304,2.25,1.5685706958079466,8
2496,2.4375,1.5689278907214783,8
2688,2.625,1.6193383925060292,8
2880,2.8125,1.565892829646378,8
3072,3.0,1.5680652175254028,8
3264,3.1875,1.5701068530741165,8
3520,3.4375,1.6292507339715185,8
3776,3.6875,1.5659015951657287,8
4096,4.0,1.5659067083853497,8
4352,4.25,1.5694545523424523,8
4672,4.5625,1.6631637978785396,8
4992,4.875,1.5680557215461066,8
5376,5.25,1.5679775623318981,8
5760,5.625,1.568321608966404,8
6208,6.0625,1.568116349721614,8
6592,6.4375,1.56915944652432,8
7104,6.9375,1.5690601039716812,8
7616,7.4375,1.5658789509074067,8
8192,8.0,1.5687408929753348,8
8768,8.5625,1.5658840641270277,8
9408,9.1875,1.5694998408590963,8
10048,9.8125,1.5856839114198469,8
10752,10.5,1.5687891033317625,8
11584,11.3125,1.5681148888017222,8
12416,12.125,1.569043303392926,8
13248,12.9375,1.5681221934011809,8
14208,13.875,1.5658840641270277,8
15232,14.875,1.6202836076759881,8
16384,16.0,1.5684143773795298,8
17536,17.125,1.5703252605979323,8
18816,18.375,1.5693311046115999,8
20160,19.6875,1.5692529453973916,8
21568,21.0625,1.5683026170078114,8
23168,22.625,1.5682909296486776,8
24832,24.25,1.5658774899875147,8
26560,25.9375,1.565905247465458,8
28480,27.8125,1.5683639756432648,8
30528,29.8125,1.5658738376877854,8
32768,32.0,1.5767452730622054,8
35072,34.25,1.569743084021072,8
37632,36.75,1.6274581852643475,8
40320,39.375,1.569943960506187,8
43200,42.1875,1.565887716426757,8
46336,45.25,1.623147741123754,8
49664,48.5,1.9467210442667733,8
53184,51.9375,4.661662430847946,8
57024,55.6875,4.661547018176499,8
61120,59.6875,4.679248984504772,8
65536,64.0,4.686924657616,8
70208,68.5625,4.705809238596641,8
75264,73.5,4.697128452599893,8
80640,78.75,4.723023988141017,8
86464,84.4375,4.697484917053479,8
92672,90.5,4.7041269893412965,8
99328,97.0,4.699414792230473,8
106432,103.9375,4.698947297865115,8
114048,111.375,4.701390686384058,8
122240,119.375,4.699536048581488,8
131072,128.0,4.703465923090282,8
140416,137.125,4.699783674503139,8
150528,147.0,4.718341009428029,8
161344,157.5625,4.703389955255911,8
172928,168.875,4.701362928906115,8
185344,181.0,4.7039144254970475,8
198656,194.0,4.704585718187305,8
212864,207.875,4.702999889644816,8
228160,222.8125,4.702613476333449,8
244544,238.8125,4.704990392997318,8
262144,256.0,4.704475418735478,8
280896,274.3125,4.704460079076615,8
301120,294.0625,4.708616396168629,8
322688,315.125,4.703053213220864,8
345856,337.75,4.713685788192984,8
370688,362.0,4.703334440300025,8
397312,388.0,4.708280384593528,8
425792,415.8125,4.718000615093253,8
456384,445.6875,4.706921729094205,8
489152,477.6875,4.722569642054685,8
524288,512.0,4.70442720837905,8
561856,548.6875,4.714938527000155,8
602240,588.125,4.704820926289876,8
645440,630.3125,4.703762489828306,8
691776,675.5625,4.704711357297994,8
741440,724.0625,4.706624431896235,8
794624,776.0,4.7097215820667335,8
851648,831.6875,4.706328595618157,8
912832,891.4375,4.713347585238044,8
978304,955.375,4.707485644172419,8
1048576,1024.0,4.707915885080537,8
1123776,1097.4375,4.728935600482964,8
1204480,1176.25,4.751625147321654,8
1290944,1260.6875,4.9607631344244005,8
1383552,1351.125,8.65341493211663,8
1482880,1448.125,12.686341269154308,8
1589312,1552.0625,15.301619431180589,8
1703360,1663.4375,16.50260807302659,8
1825664,1782.875,19.756934962378967,8
1956672,1910.8125,17.410169493695733,8
2097152,2048.0,17.686224916439855,8
2247616,2194.9375,18.20361919208062,8
2408960,2352.5,18.385643966912472,8
2581888,2521.375,18.61693680417353,8
2767168,2702.3125,19.161564087516314,8
2965760,2896.25,19.7623973418542,8
3178688,3104.1875,19.504524528082737,8
3406784,3326.9375,20.021998423857603,8
3651328,3565.75,20.622451108563688,8
3913408,3821.6875,20.369248125226186,8
4194304,4096.0,20.599430663369517,8
4495296,4389.9375,20.675635897222662,8
4817984,4705.0625,21.037479457849834,8
5163776,5042.75,21.1721346356518,8
5534400,5404.6875,21.117366940290122,8
5931584,5792.5625,21.496641466605645,8
6357376,6208.375,21.8425960624902,8
6813632,6653.9375,21.480331026474257,8
7302656,7131.5,21.534370453269904,8
7826816,7643.375,21.665949664239804,8
8388608,8192.0,21.69680356189351,8
8990656,8779.9375,21.767487959950575,8
9635968,9410.125,21.869592309941098,8
10327552,10085.5,21.941524748278383,8
11068800,10809.375,22.57774192248987,8
11863232,11585.1875,22.307749454962178,8
12714752,12416.75,22.40983218679704,8
13627328,13307.9375,22.16842016335325,8
14605376,14263.0625,22.257099342043933,8
15653696,15286.8125,23.73561052784559,8
16777216,16384.0,22.639830639084625,8
17981312,17559.875,24.444960342983983,8
19271936,18820.25,26.251831246343972,8
20655168,20171.0625,34.56945124678483,8
22137664,21618.8125,50.847942683656896,8
23726528,23170.4375,59.55195596398831,8
25429504,24833.5,72.40665934581291,8
27254656,26615.875,75.56636218787337,8
29210816,28526.1875,80.15311429544101,8
31307392,30573.625,84.80691890243352,8
33554432,32768.0,88.19844460150101,8
35962688,35119.8125,90.60749894213883,8
38543872,37640.5,96.54586003796877,8
41310336,40342.125,107.9073925016683,8
44275328,43237.625,104.66080230659179,8
47453120,46340.9375,102.24783841511129,8
50859008,49667.0,106.84135694870663,8
54509312,53231.75,104.90361399934505,8
58421632,57052.375,109.67469283039591,8
62614784,61147.25,111.43864140758987,8
67108864,65536.0,111.79137673004273,8
71925440,70239.6875,113.35750832878391,8
77087808,75281.0625,113.89552056685687,8
82620672,80684.25,115.48728217894886,8
88550656,86475.25,115.92666817166759,8
94906240,92681.875,117.85424002583832,8
101718016,99334.0,118.32276744417516,8
109018624,106463.5,120.08264569111459,8
116843264,114104.75,119.88069059058209,8
125229568,122294.5,121.08653149523354,8
134217728,131072.0,119.4919594384998,8
143850944,140479.4375,121.75276164152797,8
154175680,150562.1875,122.8030522877033,8
165241344,161368.5,122.92718108114776,8
177101312,172950.5,124.0563304482371,8
189812480,185363.75,123.4510643977177,8
203436032,198668.0,123.5240678430131,8
218037312,212927.0625,124.81574865689625,8
233686592,228209.5625,124.15343541944657,8
250459136,244589.0,124.40472058019618,8
268435456,262144.0,125.03547813059916,8
287701952,280958.9375,124.88635637618418,8
308351360,301124.375,124.87990970193188,8
330482752,322737.0625,125.01761327170296,8
354202688,345901.0625,125.0862558711215,8
379625024,370727.5625,125.25469819979732,8
406872064,397336.0,122.00055264712651,8
436074624,425854.125,126.08922613500579,8
467373248,456419.1875,124.97140474075704,8
500918272,489178.0,125.64029659178674,8
536870912,524288.0,125.65874262287738,8
256,0.25,1.6195711582907613,9
320,0.3125,1.569509161394023,9
384,0.375,1.6606068752480088,9
448,0.4375,1.5659109211268116,9
512,0.5,1.5658911987380146,9
576,0.5625,1.5658787809376609,9
640,0.625,1.5695822072784569,9
704,0.6875,1.5691453928895425,9
768,0.75,1.5658897378203258,9
832,0.8125,1.5687115003360055,9
896,0.875,1.5695559107600607,9
1024,1.0,1.5679145697368322,9
1088,1.0625,1.5692768754815234,9
1152,1.125,1.565916034338722,9
1216,1.1875,1.5658985033264579,9
1344,1.3125,1.568177534920794,9
1408,1.375,1.6192585219053843,9
1536,1.5,1.5687421796074676,9
1600,1.5625,1.5658780504788163,9
1728,1.6875,1.6195565491138746,9
1856,1.8125,1.5679284484548746,9
2048,2.0,1.565864171760774,9
2176,2.125,1.568149777484709,9
2304,2.25,1.619253408693474,9
2496,2.4375,1.5692118646443773,9
2688,2.625,1.6580064417621638,9
2880,2.8125,1.5690920693939059,9
3072,3.0,1.5658970424087693,9
3264,3.1875,1.6174783937017316,9
3520,3.4375,1.619095629583097,9
3776,3.6875,1.5659036165383682,9
4096,4.0,1.6654914535401002,9
4352,4.25,1.5680292517753933,9
4672,4.5625,1.5658853550672598,9
4992,4.875,1.6494739520014459,9
5376,5.25,1.565877320019972,9
5760,5.625,1.61947327680562,9
6208,6.0625,1.569094991229283,9
6592,6.4375,1.5688605139402505,9
7104,6.9375,1.608763289229929,9
7616,7.4375,1.567182649974805,9
8192,8.0,1.5681614648262185,9
8768,8.5625,1.56804386095228,9
9408,9.1875,1.5695749026900134,9
10048,9.8125,1.5690511636986229,9
10752,10.5,1.5687575192431988,9
11584,11.3125,1.5681629257439071,9
12416,12.125,1.568769206584708,9
13248,12.9375,1.6200349996569163,9
14208,13.875,1.5659145734210334,9
15232,14.875,1.639810711949692,9
16384,16.0,1.5688641662344722,9
17536,17.125,1.5935142303955188,9
18816,18.375,1.6180649521537354,9
20160,19.6875,1.5659021556206796,9
21568,21.0625,1.5658838941495712,9
23168,22.625,1.5689883442380097,9
24832,24.25,1.5684697184585294,9
26560,25.9375,1.6199648756078597,9
28480,27.8125,1.5741125130310443,9
30528,29.8125,1.5684689879996851,9
32768,32.0,1.5702352374852955,9
35072,34.25,1.6831809753734455,9
37632,36.75,1.5699656981717347,9
40320,39.375,1.5704331918321113,9
43200,42.1875,1.569739986388834,9
46336,45.25,1.5705325342349412,9
49664,48.5,1.974588765816153,9
53184,51.9375,4.6219323186445855,9
57024,55.6875,4.659193024294292,9
61120,59.6875,4.716088463679817,9
65536,64.0,4.697549418210506,9
70208,68.5625,4.733651616133091,9
75264,73.5,4.752803516572802,9
80640,78.75,4.697112603821592,9
86464,84.4375,4.699559640950126,9
92672,90.5,4.702520190646229,9
99328,97.0,4.700838674386563,9
106432,103.9375,4.7038036068357325,9
114048,111.375,4.698154968592463,9
122240,119.375,4.702559635423824,9
131072,128.0,4.70367869837335,9
140416,137.125,4.710650928042561,9
150528,147.0,4.702186370954367,9
161344,157.5625,4.7104690437903205,9
172928,168.875,4.701579359654722,9
185344,181.0,4.704173949469812,9
198656,194.0,4.700287177959087,9
212864,207.875,4.7081213490646165,9
228160,222.8125,4.701317124929604,9
244544,238.8125,4.702786808124413,9
262144,256.0,4.7034164636482325,9
280896,274.3125,4.713885399805292,9
301120,294.0625,4.705951155838087,9
322688,315.125,4.70899570830129,9
345856,337.75,4.703726178198233,9
370688,362.0,4.703516536509907,9
397312,388.0,4.713456620463665,9
425792,415.8125,4.7046392517536555,9
456384,445.6875,4.783739909548226,9
489152,477.6875,4.708672845492092,9
524288,512.0,4.703544293945992,9
561856,548.6875,4.703412080895167,9
602240,588.125,4.704024205406722,9
645440,630.3125,4.709347789464261,9
691776,675.5625,4.707572044013674,9
741440,724.0625,4.715782401424039,9
794624,776.0,4.703433994660497,9
851648,831.6875,4.704859850324645,9
912832,891.4375,4.706437641428416,9
978304,955.375,4.7107619577869,9
1048576,1024.0,4.707325148924288,9
1123776,1097.4375,4.7104463995661465,9
1204480,1176.25,4.787808565311191,9
1290944,1260.6875,4.862346046705179,9
1383552,1351.125,8.751053273367768,9
1482880,1448.125,12.85927799193096,9
1589312,1552.0625,15.376122150382944,9
1703360,1663.4375,16.51141297359533,9
1825664,1782.875,17.076270223792683,9
1956672,1910.8125,17.422544969410186,9
2097152,2048.0,17.805344118162306,9
2247616,2194.9375,18.127157988459444,9
2408960,2352.5,18.48639180443436,9
2581888,2521.375,18.710432297499107,9
2767168,2702.3125,19.216809743077565,9
2965760,2896.25,19.736585264778878,9
3178688,3104.1875,19.644900992472888,9
3406784,3326.9375,19.82973118523239,9
3651328,3565.75,20.30554696322257,9
3913408,3821.6875,23.491268633141086,9
4194304,4096.0,20.501351569659413,9
4495296,4389.9375,20.69467845969626,9
4817984,4705.0625,20.87314635592157,9
5163776,5042.75,21.077463729730333,9
5534400,5404.6875,22.6107443238217,9
5931584,5792.5625,21.289711695212077,9
6357376,6208.375,21.33176859363371,9
6813632,6653.9375,21.42013950462178,9
7302656,7131.5,21.513026112185553,9
7826816,7643.375,21.55315386879929,9
8388608,8192.0,22.63719350811635,9
8990656,8779.9375,21.767011449043004,9
9635968,9410.125,21.808161704827327,9
10327552,10085.5,21.96792936211459,9
11068800,10809.375,22.031088738238704,9
11863232,11585.1875,22.166498648544238,9
12714752,12416.75,22.037327245110017,9
13627328,13307.9375,22.125086303249365,9
14605376,14263.0625,22.33379704516819,9
15653696,15286.8125,22.465808923099022,9
16777216,16384.0,22.653493697227766,9
17981312,17559.875,24.47450183338107,9
19271936,18820.25,27.485086387792133,9
20655168,20171.0625,32.20196066972766,9
22137664,21618.8125,50.96151190340323,9
23726528,23170.4375,66.78297530991695,9
25429504,24833.5,68.0696821067229,9
27254656,26615.875,75.704788881245,9
29210816,28526.1875,83.5886311598861,9
31307392,30573.625,82.49446242050449,9
33554432,32768.0,87.29373273129272,9
35962688,35119.8125,90.31089008753067,9
38543872,37640.5,94.40955660423604,9
41310336,40342.125,96.45349783897629,9
44275328,43237.625,97.39969840951314,9
47453120,46340.9375,98.4255752211531,9
50859008,49667.0,106.64485927002585,9
54509312,53231.75,104.18404378563523,9
58421632,57052.375,108.07591313382278,9
62614784,61147.25,108.45482466229845,9
67108864,65536.0,113.11234641980799,9
71925440,70239.6875,112.97251240055239,9
77087808,75281.0625,111.92614900666011,9
82620672,80684.25,114.49638249335214,9
88550656,86475.25,118.45591619655741,9
94906240,92681.875,117.49081041411968,9
101718016,99334.0,117.97543598230935,9
109018624,106463.5,120.38755434755589,9
116843264,114104.75,120.72681988402519,9
125229568,122294.5,117.38465703041032,9
134217728,131072.0,121.13445874231581,9
143850944,140479.4375,122.22451809296906,9
154175680,150562.1875,126.91994963706777,9
165241344,161368.5,123.23699531845779,9
177101312,172950.5,123.50555937815413,9
189812480,185363.75,123.38107202529602,9
203436032,198668.0,124.1743749832336,9
218037312,212927.0625,124.34561014990435,9
233686592,228209.5625,124.99665067815833,9
250459136,244589.0,124.46795935841773,9
268435456,262144.0,124.60592312910977,9
287701952,280958.9375,124.67282101537289,9
308351360,301124.375,125.05983947702461,9
330482752,322737.0625,124.66479619450898,9
354202688,345901.0625,125.6027168553664,9
379625024,370727.5625,129.6049498955469,9
406872064,397336.0,124.98544087411841,9
436074624,425854.125,125.15323156210867,9
467373248,456419.1875,125.67872484172139,9
500918272,489178.0,125.01631161710519,9
536870912,524288.0,126.41293322261522,9
